,x,y,Y
0,-1.3963416230584185,0.08497734389552855,0
1,1.878268048536601,-0.19069352556671496,0
2,-1.9103992979383384,1.3154814910905408,1
3,1.5176226796952919,0.21348472521853232,0
4,-3.422064987770751,-1.020058719069056,1
5,1.960039594403918,2.6323999442408295,1
6,-2.197728184927985,3.0462605526320186,1
7,-2.4670182923448007,2.2415895208219103,1
8,-0.0387275683689078,-2.4256851548542846,1
9,-2.0712928946980558,4.340485176937892,1
10,-0.4648327340303575,-0.22806887484756774,0
11,0.6808851850121337,-3.1591218536803747,1
12,-0.5212272900154504,0.43528105120487426,0
13,-1.4480801770922727,0.18635989954509988,0
14,0.4165678358216373,-1.7310574787831723,0
15,1.477926429571594,-0.7153877494346091,0
16,2.2684771716153675,-2.000488605557435,1
17,0.7534391988305623,1.5768999368112584,0
18,0.671576135726373,-0.6145294822650259,0
19,0.2538009949674874,0.4362338024142883,0
20,1.1568013336198442,-0.05247556129373048,0
21,1.4541159285585725,-1.1355614124274607,0
22,0.05649167394077059,-2.2129310459567932,1
23,1.9201805509604073,-1.2174938515171982,1
24,1.6170939515094314,-3.0549474207865894,1
25,0.6557121335150685,-0.9347837553981049,0
26,-0.32197469637134724,0.9516265191169857,0
27,-1.9383647298381428,3.388028044828337,1
28,0.570693363015059,-0.5067615812677713,0
29,0.48612617348664816,-0.12663491756901654,0
30,-3.9443958341905727,-0.12059323978986754,1
31,-1.8109184375100684,0.6153708172768503,0
32,-0.003276144377066983,-2.419017534287706,1
33,0.6142899818748239,-1.378825458265904,0
34,2.590948416780187,1.1699203157076297,1
35,1.129608264893396,-0.4009434873837393,0
36,-2.2041364197026696,0.5430805824400682,1
37,-0.4834114339896895,2.8108570698890416,1
38,2.8191738014316545,0.585453432019547,1
39,-0.5213059905173186,1.3985546731252465,0
40,-0.6445513854153914,1.5858984300438703,0
41,0.8884205096811714,-0.5163119357701548,0
42,2.833834518612798,0.7396870841917205,1
43,-1.605389290819229,-0.31596141215824586,0
44,1.4009595273957065,3.099946044397602,1
45,2.2775442529258525,-0.0316229785424253,1
46,-0.055108959667500165,0.19483448509010773,0
47,-0.819044493896721,-2.437106528888417,1
48,3.6524594211387225,2.794770587631485,1
49,0.6831693879102809,1.2566419329325142,0
50,-1.6427456728911471,-0.7334859266973826,0
51,1.4046094997787306,1.8090267735966372,1
52,-1.0083868826172082,0.56605668440715,0
53,-0.3850836389535613,-0.3477231754161704,0
54,-0.34630518749374833,0.01279809519540902,0
55,-1.1464302872305057,0.4486564146849421,0
56,-1.384856876942332,-0.5050566546199374,0
57,0.894695115960384,-0.44582121156384313,0
58,3.6612501490411122,0.56214317936427,1
59,1.9301679348724479,-1.015889261894418,1
60,0.8167213098369812,2.28703091207556,1
61,0.7377153856715811,0.08500974150496228,0
62,1.9458069424627913,0.5287380235787997,0
63,3.2012340975645497,1.5971420078054936,1
64,-0.29865441613538624,-1.520495381691849,0
65,-2.4956704814813144,2.1343249264576216,1
66,-1.66495739298736,-2.5258920593214094,1
67,0.916046590447623,-3.874747498173797,1
68,-2.531225293742992,-0.8943408121568436,1
69,0.21100063079978537,1.9563235148348919,0
70,0.920002677407203,0.0069296615744045675,0
71,-0.7938024150365975,-2.6893654643153515,1
72,-4.673699633765639,-2.1015632806957156,1
73,-3.547587258624904,0.8381110656110146,1
74,0.3277018508896855,2.1199193526571407,1
75,-2.3360107698404384,2.256057727858049,1
76,-1.4892640910592572,-0.7584792705304184,0
77,-0.7782898381308442,1.8797104258619513,0
78,-3.7142860429222835,-0.6401008972528142,1
79,0.8715416624670513,2.2399329342089778,1
80,-1.3088463025445893,3.206784500459669,1
81,-0.31707266235264947,-0.38283328783854875,0
82,1.1212865922104236,2.402052389942773,1
83,2.0387143101687006,-1.1104313090522224,1
84,0.3231338079224309,0.7102302866920087,0
85,0.8747787595232193,-0.46246480445342864,0
86,0.37487514235172315,-1.4262466792457766,0
87,-1.5194961633074993,-1.503051560175004,1
88,2.5035847130403823,-4.539725320448667,1
89,0.6345056616224416,-1.8092818825112646,0
90,-1.8072211317545785,0.8988813188513378,0
91,-0.19129986129969384,-1.0693024610153834,0
92,-3.2826986469352137,0.1554153903324506,1
93,-2.243452466211063,0.12872697502496835,1
94,-2.0099465710793654,2.6380808933644686,1
95,-0.14637219711224186,-0.5150458891980487,0
96,1.74959159324988,1.5935178042596376,1
97,-0.9555382118126572,-0.5484220922420061,0
98,-1.8964429466325015,0.2933789799672474,0
99,0.14771445815527245,0.369497133338286,0
100,0.8473524996241278,-1.934410213065019,1
101,-1.2562965248117393,3.437101106180239,1
102,-0.5955720364584082,0.07551197108722213,0
103,0.34599369889099024,1.6155208778152443,0
104,1.712150656146091,1.8038263597571664,1
105,-3.5262864566853005,-1.1447270596889658,1
106,2.728790463341642,2.089906184211491,1
107,0.059003804746929386,0.014478494604698014,0
108,2.0009720564254465,0.5993895989178352,1
109,1.7462460220645173,-5.223920635635329,1
110,1.3142899563604562,1.5327070267187188,0
111,-0.6280625591224275,-2.5723664308843808,1
112,0.27810672361490724,-0.20810586231715558,0
113,2.263496971434217,0.5485664568637305,1
114,0.018554467191585024,0.9424505583954966,0
115,-2.5270308802918175,1.649861218162243,1
116,-0.4879815323565372,3.5617122446043252,1
117,-0.6970943741561316,-2.558064073059964,1
118,-3.8088801691483014,1.6110791784981355,1
119,-1.6673804720506957,-2.1684538818429684,1
120,0.36087784586417154,-1.261539353691982,0
121,-0.5647547479588065,-0.05354014582434251,0
122,-1.9337827961037104,0.14016985059497528,0
123,-0.6155942232277872,0.17137299714326368,0
124,-2.0804626226976617,-0.5180476787184263,1
125,-0.6192327831089839,0.9052653163767045,0
126,1.3770255888868828,-0.6485461925371331,0
127,2.389811290021322,1.043475570012664,1
128,2.1095355208041395,-3.361358031561761,1
129,0.1524829913883096,-1.2847664079964503,0
130,0.9088945139548795,-0.8264033671258663,0
131,-0.38724306436893513,-1.855684387036832,0
132,-1.3543107614452128,-0.7577877870268817,0
133,-2.1305231872386288,0.9535589145025514,1
134,-1.4616975741993246,-2.0324055758718242,1
135,1.5999922722138114,-4.250265499617022,1
136,-2.803008880348253,3.224325338741765,1
137,1.5517815249804545,-1.9169972353783413,1
138,-1.6935525169242205,0.29783848963810383,0
139,2.204248268699623,-1.7295677651468009,1
140,-2.7263751471755917,0.17423291032828234,1
141,-1.101318787771918,0.43556478257847236,0
142,-2.396083324647771,1.242622824172312,1
143,3.7855276478884394,-2.4188026056492067,1
144,2.5303398273522935,1.0261929941690686,1
145,0.6499268661106887,-0.03801291001747889,0
146,-1.0988211908020802,-0.9095057575290979,0
147,0.5840837985263002,1.7460205474411457,0
148,1.1794901009916905,3.052928171126796,1
149,-2.357286116476294,-0.6010388625931565,1
150,-2.2762629596959343,-0.4188131161041427,1
151,-2.2328387259338345,0.19014964047118835,1
152,2.0116730582019153,-0.04768229571732686,0
153,0.23573984658656424,1.8583711747511085,0
154,-1.0956782669859653,-0.36346557666191387,0
155,0.27065692805411984,-0.329472480114814,0
156,3.298965653925091,1.9244066519965326,1
157,1.3731817723617568,-1.0799869038858942,0
158,-1.2308919015111328,1.959172205830309,1
159,0.7335137379576068,0.1339569278405545,0
160,0.6678827618553989,1.2441160489325525,0
161,0.6634219990835475,1.6304237389042742,0
162,3.8706515903466396,0.08114000695635781,1
163,1.350119516089104,-1.8815283635974291,1
164,1.7451572107385631,-0.0699492319286537,0
165,1.9035174856499864,-1.5616767473609054,1
166,-0.7707539538182178,-2.106643206886018,1
167,2.713580099815593,-0.41179178539064154,1
168,-1.598817921016942,-0.22550471550731033,0
169,1.0126376338198328,0.5616594652386243,0
170,-0.18439433951415365,-4.8341475801359115,1
171,-1.075962672820794,-0.5477425828104259,0
172,-0.330872230591904,-1.3616019809665538,0
173,-1.0141534143554773,2.577536802506121,1
174,3.138782794954968,-0.8963186649039386,1
175,-1.1197553050272493,-2.509726981778086,1
176,-1.1979915635895182,-0.6871972665966958,0
177,1.8515131615019096,0.06992536970581997,0
178,1.050572646765458,-1.277023095173747,0
179,-0.82992443990479,0.6065073102326198,0
180,-0.7105163730978252,-0.785774509743922,0
181,-2.1422928896828197,1.5169975219352285,1
182,-1.8170386352137626,0.5484692950799516,0
183,-0.38523239772987544,2.5463924107791116,1
184,-0.1886176774298444,1.6238926227291917,0
185,0.22905987227720329,-0.9755544150139926,0
186,-1.5403663277455268,0.21001974048400976,0
187,-2.501278482915685,-0.8737605053073314,1
188,0.6903926601106702,-0.33256015780601017,0
189,-2.5259119414820717,1.6478416366122324,1
190,0.7813678503481066,-1.2036383080943853,0
191,-1.2947534771722464,-1.0161603293628425,0
192,-0.7459607279277038,-1.0357118969383223,0
193,0.5040346526188475,1.861780977523129,0
194,2.003917827356614,-0.29936657367125163,0
195,-0.7437183216623477,-0.8220137625388948,0
196,4.44349456062032,-0.8038705971327279,1
197,0.7394546285133272,-0.6210940165813437,0
198,-2.9110135778239474,-3.138049484695197,1
199,-0.5530106692363107,-0.326779684661674,0
200,-1.9698690239989731,-1.3909626599476221,1
201,-2.4067716127003833,1.4450208993974578,1
202,3.558713336016982,0.09250803134345818,1
203,3.7549771529388782,1.2955104886114983,1
204,0.1362986284758107,-2.066975203870522,1
205,-1.222551620860952,2.0657928668306655,1
206,-1.5565649507361383,0.5536620644401309,0
207,0.4535816347811028,-1.0167640624447325,0
208,1.1739971509343687,-1.9166407750100845,1
209,-2.1198217371459678,0.9669419906068843,1
210,2.874861701267732,1.2852581875797437,1
211,-3.2888389607655073,-1.9348924769829925,1
212,0.5408132734592139,-0.3348429035035386,0
213,1.09726955123411,-2.9311539963871787,1
214,0.4601061377994043,-0.45114044760206384,0
215,-0.37179136077534497,1.7688536415378044,0
216,-1.0738729624537426,1.2090269483237328,0
217,3.311800216566788,-0.22575884906913668,1
218,1.1174371738565576,2.2207347922240452,1
219,0.8685015261136733,-0.8289838931450947,0
220,-1.5461093917316626,-0.2792036795401461,0
221,-1.4343937006397687,-0.19178723896070551,0
222,0.11209377676118604,0.9647504641407854,0
223,3.1359384601426443,-2.261585370680554,1
224,0.17388356385536693,0.5565526693416173,0
225,0.49465175733807454,1.5331094683875708,0
226,-3.218118988763325,2.1410989072334057,1
227,-0.7185359103937344,0.7827934989197783,0
228,-0.3985692494337232,-0.8504619446844679,0
229,3.285978700674641,-2.392639662333237,1
230,4.379188582271174,-0.4306480675317709,1
231,0.028626586298840486,0.30689813399526555,0
232,0.22051541735797317,-0.12288844170878122,0
233,2.009765357211025,0.6399801577893903,1
234,2.306151367100664,-0.49763181695452724,1
235,-1.9285279013307113,-0.1167575881474373,0
236,0.10522242569450307,0.3656788024088971,0
237,-1.4852280677782699,-1.6180504158405873,1
238,-1.120492572321697,1.5614210986929067,0
239,1.0647371424807404,-0.604458349704054,0
240,0.03667068280381318,0.7424587161543296,0
241,2.2062099874771555,3.407120173366814,1
242,1.7992969905730154,3.787959863678461,1
243,-0.7206639822723047,1.0940621918778597,0
244,0.3147846974846374,0.263919868839376,0
245,-2.859133101541752,-1.5424875187345812,1
246,1.8014872576641803,-1.5907848100411506,1
247,0.9170608426248275,0.2385054919791841,0
248,1.0604178361038754,1.2901778628876,0
249,0.8562248557989611,-2.5880195178083985,1
250,0.90166466502918,-1.9820574280312555,1
251,2.2166789207996414,-0.7824642434638113,1
252,-1.0760396306773004,1.8197179510142514,1
253,-0.9634843842665045,-4.504443745671722,1
254,-0.5659381640895031,4.897026891540337,1
255,3.837953239301502,1.4314993881071278,1
256,-1.586198011744401,-0.7053812299968069,0
257,-0.7461150749906132,1.635549127784587,0
258,-1.0261730474030153,-3.992217654986683,1
259,1.6523630127641238,-1.3218017584954636,1
260,1.7419004267943055,0.6123963820072333,0
261,0.01980872230555769,2.4784483080801323,1
262,0.8599719526504733,0.1315965272335707,0
263,-2.617261459029306,-1.5093472924470854,1
264,-1.214764179882674,-0.930497572347874,0
265,1.6197234668369636,3.1393902659153885,1
266,-0.6288270226396139,-2.480412849133976,1
267,-0.35107614653400154,0.2522763477549355,0
268,-0.06665357987759139,-0.8361074517954387,0
269,1.323358558610402,2.922411771840774,1
270,2.4259413402034267,-2.598382582553316,1
271,2.605908314161579,-1.0018649048930572,1
272,-0.9148203100429874,-1.8584361685016606,1
273,1.7458491515304382,0.6795439996503205,0
274,0.8328498987972913,0.18934496048451757,0
275,-0.7033354323458674,-1.1923568410816676,0
276,2.635948830167867,0.35064910803304183,1
277,1.1545676075707392,-2.660000853463682,1
278,0.09315385702091974,-0.7960190852901851,0
279,-3.3659348741553714,0.6105381484693813,1
280,-1.319536391050387,-1.6619578687332095,1
281,-1.1000036772107358,-1.5490953958750886,0
282,3.1239077519060165,-0.783796245421681,1
283,1.0004539126351404,0.4853711354616657,0
284,-0.904747937277105,-0.6395699829624384,0
285,-1.523736713324862,3.7295097693212313,1
286,-3.759781842873132,-1.066062791119271,1
287,-0.5005580813454115,-0.6786456345781311,0
288,1.5113511438324696,0.537113452059117,0
289,1.9877130675240926,-0.8915470374523388,1
290,1.5696908129802052,2.54026856578985,1
291,0.2598358167189702,0.8028649962912229,0
292,-1.256771076166436,-1.5030194388609164,0
293,-1.9186143341361008,-0.030689026845024003,0
294,2.2909731850739163,0.3363209937813364,1
295,-0.7900187797416224,-1.6972197017196922,0
296,0.025025388899647328,-2.5627077938196243,1
297,0.27719233537807125,1.5175690873861092,0
298,-0.06300965930986054,3.2922463557378734,1
299,0.7798000036784867,1.0867529058811856,0
300,-1.4678308525588881,1.3594947283718641,0
301,0.8527519293057523,-1.1789691238289226,0
302,2.824333648320288,0.29932623803263325,1
303,0.47428243352326666,-0.2945933721042156,0
304,-0.7750464433968556,0.3266351856774973,0
305,2.011405822970861,1.853234675809447,1
306,0.808249847850293,1.790398174387956,0
307,2.8387647683171986,-2.2958182171724935,1
308,-0.32314832410006467,-0.176229020680906,0
309,1.7514620114306834,-2.557481548580028,1
310,2.6999303954734675,0.18949102869387557,1
311,1.4564149408319231,-0.17820588828676057,0
312,-1.4245549587405135,1.250040626335367,0
313,0.32658392200079484,0.08111429143901526,0
314,-0.33003933284539266,0.4041552220762602,0
315,1.141507731563473,-2.818805892132942,1
316,3.5584546706265296,-1.0246228015049756,1
317,0.965674861743598,-0.7667016597939208,0
318,1.465593232982661,-1.4887252794363652,1
319,-0.7772370718757534,-1.1647141686284317,0
320,-1.032451817203332,1.4923749884980326,0
321,2.8075024333094625,-1.396353063996649,1
322,3.531265591060011,-0.6864001161701786,1
323,-1.7279299847531422,-1.9740184578635034,1
324,0.7822217718701923,1.912486033570302,1
325,2.8289173777844066,0.4481551462259433,1
326,4.129910845654667,-0.12903330845892289,1
327,3.0221026252668315,-1.318449027422365,1
328,0.30339940685216227,-0.09263647319369324,0
329,-3.7108612282879068,-1.4378946513490687,1
330,1.7122674694448075,-0.42058769941341984,0
331,1.256690360770287,-0.5615381801765973,0
332,-2.3134923857806506,1.014899997088345,1
333,0.8909869589016648,-0.029879375104355087,0
334,0.18398315494736497,-2.642555823816999,1
335,2.7061900078196723,-1.5082725324270239,1
336,-0.9857943849421474,-1.8390859379024729,1
337,-3.9976399714299666,0.5664990994607892,1
338,1.5049549699274318,1.2997510868372728,0
339,2.4377066570581882,-0.1489797748148049,1
340,1.8725079916192373,2.986734071107751,1
341,1.043247595850349,0.7279501302337168,0
342,2.2624152699692193,-1.0472030609996983,1
343,-1.6691021660969088,0.6465069708451984,0
344,2.778770581276744,-0.4615751912268785,1
345,-1.9311803660548748,-2.2550591824325377,1
346,-0.8025249013682398,0.5143452486375762,0
347,2.4991361492245336,-0.9347558856428602,1
348,-1.7999165800918548,1.2696334804657778,1
349,3.762482901186617,-1.430074488558614,1
350,-3.5971266192333684,1.6411201620735318,1
351,1.238993878202953,0.7605909214092255,0
352,3.1778241468994435,0.9775397806369549,1
353,-3.1245220130371365,0.4671321054172579,1
354,0.5508169189312697,-1.5419955607846902,0
355,-1.4884747834691365,1.7840166421199246,1
356,-0.6878418596973224,1.5347527618731613,0
357,3.7420190864234164,3.462355731994223,1
358,1.5085639498440757,-0.8806735900358649,0
359,3.055831360897996,-2.403182276925949,1
360,-0.30646310683066225,-3.9189647032146215,1
361,-1.6470231362072016,-1.2199705605266133,1
362,0.7551502433840797,-1.1907630943432972,0
363,-1.6490579851728038,-1.9683598708853183,1
364,1.086302490638546,0.28199216142275463,0
365,-0.7256217239946007,-0.8299726192212472,0
366,-0.030860900227773106,-1.0394708918694597,0
367,1.7083826585993824,0.36985156625138493,0
368,-1.8496164866874258,-0.1328125520983297,0
369,1.1449207229547276,3.1041090731473235,1
370,0.6820603579210983,-0.39515126756704655,0
371,-0.8672557930843754,-1.7725153275207584,0
372,1.7641846364729885,2.1313893239920847,1
373,2.0039046421887665,0.936230898451488,1
374,2.9243664948226957,0.41105785625821967,1
375,-0.46233683414473875,1.2282962522359793,0
376,-2.290538416477129,1.0441893499651924,1
377,-3.857472232542665,-2.9433321423881837,1
378,-0.8506536915279626,0.23274106415220308,0
379,2.253787531017475,-0.5410790153954773,1
380,-0.827194304987608,0.04503331092605535,0
381,1.1066580436805125,-0.8065463156143279,0
382,0.008258126878514554,0.959993559346071,0
383,0.5374073666221172,-3.6273436213380794,1
384,0.7841229949919245,2.690853896617569,1
385,0.9715385760548036,-1.596360309673785,0
386,-1.474764457503307,1.7335774781661528,1
387,-1.403203694320311,1.0646268286807972,0
388,1.704359189650001,-0.9693966588153339,0
389,-1.9493413380232671,-0.593350277281787,0
390,-4.327031349212286,0.6657299278896139,1
391,1.9637462781940098,-1.9050675577892229,1
392,1.6740950889062558,1.2350371834139984,1
393,2.5227794359863593,0.5484317798074166,1
394,2.304504191298581,-0.017475991430107446,1
395,-1.6651309505940532,-2.4716635721233824,1
396,-1.0682361435924117,-0.023043587259725152,0
397,0.5800900452287817,2.948695337576422,1
398,-1.888521389251665,2.944812252416416,1
399,-0.2413644071674492,-1.2618639469022566,0
400,2.0074653130235034,-2.001904793618313,1
401,4.13985424426725,0.42508484413386943,1
402,2.761693753187691,-1.550950214688164,1
403,-0.062336823325132365,1.7962042058619032,0
404,-0.6444349312111577,0.14600736400211844,0
405,1.3888640478107759,0.08065692684184218,0
406,2.405436475018141,-1.1454818304342138,1
407,-1.7955406325814354,0.9443618892741342,0
408,0.2453286076485478,-4.35836613447441,1
409,0.47891084420949637,-1.2700636736942026,0
410,5.752277141624722,-1.0396207682033243,1
411,0.5084817707980241,-0.6259698484983985,0
412,0.2861531298169223,1.6909947915181647,0
413,1.6735436253187135,1.2573248706365459,1
414,0.884970184926468,2.9629532191476002,1
415,-0.4611039783133536,0.05649005193872455,0
416,-0.7966443515931276,1.1160532876077862,0
417,1.750365012760781,0.35893279534167377,0
418,1.0796949613498745,-0.7533670739700823,0
419,0.4989660218042329,2.5947994891901454,1
420,0.8496766520923164,-2.4167010903515456,1
421,-1.4549034779030472,-3.980609351345129,1
422,-0.8815658448332582,-0.28836213260910154,0
423,-0.10282822355279837,2.5097232676310184,1
424,4.697234969166419,-1.9020492258513888,1
425,-3.7776512517145973,1.0431538005236969,1
426,1.7059863384175749,1.8554636327605956,1
427,-0.4777793954237234,2.1286135145925726,1
428,-4.614401484564182,-0.7385960315426223,1
429,1.0227653778167076,1.8660709540130591,1
430,0.6081523041528953,-0.11911393611224143,0
431,2.0594270419710665,-4.0156359170691545,1
432,0.31806268059053716,-0.14969573663335714,0
433,2.8554487025095985,0.749614614784898,1
434,-0.4359125145722659,0.6628821257181476,0
435,2.414619195479332,-1.0197961940763223,1
436,-0.6685509891084342,-3.021341580046909,1
437,2.240493665100298,-0.7603662578740265,1
438,-1.910826763485485,-1.8871578599804686,1
439,1.603015126331244,-0.7915261877940577,0
440,0.08646828577377837,0.38014617033693765,0
441,0.32252812271304926,1.4865949609530902,0
442,1.7391402726993535,1.5120904655347098,1
443,2.6487349967774345,1.1890228112220318,1
444,0.9857527158056187,0.34176132285301436,0
445,-2.3070079596339115,-3.0496020429159967,1
446,-1.4378999017015284,-1.5252051429371598,1
447,-2.6893531813126508,1.0019297662546864,1
448,-0.7590954268298566,-0.03594570351123768,0
449,0.7106011156324518,1.4893402111058769,0
450,0.23217828709558658,2.0820200948150958,1
451,-1.39901617752563,2.1363546102273574,1
452,-2.8997922006148,1.4289935736879544,1
453,1.9091300228065224,-2.1296850788209913,1
454,0.08800161269058245,-1.1033088240583075,0
455,0.5366183669444721,1.8209409849663618,0
456,-0.5371380080126104,-4.217262715620969,1
457,0.03786754383476655,-0.8117668619705093,0
458,3.5780416680473484,-2.548118541448945,1
459,-0.6460899253387912,-2.3076204595634198,1
460,2.236404781906832,-0.2016871810506058,1
461,-1.3472910088345895,1.9326934920986067,1
462,-1.1439211619094904,-1.4148160474692784,0
463,2.5863377577531144,-1.6084590671150223,1
464,0.6297353710439337,-1.500307052626393,0
465,1.476926758728544,0.061245484659406324,0
466,-1.712936686562314,-1.6452124649060904,1
467,0.40269238898090304,1.1822137154669048,0
468,-1.6137198021356314,-1.8493147052533496,1
469,-1.3636670561761282,0.42768271587599666,0
470,-0.5414443022670522,0.17528888769787715,0
471,1.2875313015047944,-2.614656586794172,1
472,-0.030232863423927916,1.2668263204443795,0
473,2.4011667409320903,0.9493882898115781,1
474,2.0214334837638193,-0.06870820402692715,0
475,-0.7269726755336209,-2.123615466501193,1
476,0.2852082602825007,1.3478372153386522,0
477,-0.2355196374835823,-1.3809117758136407,0
478,-0.005032387496102732,-0.10501476402590697,0
479,0.7644656409151507,-0.17347395269093507,0
480,-3.3689201554233708,-1.5855615162639558,1
481,-1.857668315451493,0.5023663793603305,0
482,-0.3456493027643717,-1.133805946680834,0
483,2.0387454254977495,2.840662688095862,1
484,-2.2927943085340123,0.3746996739503058,1
485,-0.862931205228977,-0.5386417828112426,0
486,-1.03172703417351,-0.5354138295903935,0
487,0.0731163540892506,1.0094655615799177,0
488,0.6891491112324583,-1.725141464792958,0
489,0.03015397970531928,-1.943393445233453,0
490,2.404041157713736,0.3917894715120732,1
491,1.8515380154223475,-0.3633027411885774,0
492,1.3013542649162846,0.24317202907761784,0
493,-1.3469091448895436,1.3584009724424266,0
494,1.6712352766786647,4.199022237691677,1
495,-0.24697363011501947,0.46060452130993845,0
496,0.8267120011251233,-0.41581268696688184,0
497,-1.3438892564489833,-1.741745480377864,1
498,1.9864897231437737,-0.08608739237004054,0
499,-0.6035697196580773,0.9313325309358824,0
500,1.168088317976291,-1.2512194831538,0
501,0.9727857186448112,2.6236246232436486,1
502,1.0769952617816245,-1.038891922424733,0
503,-5.289275061242453,0.83112868697081,1
504,0.25420489297232085,0.9903951022099295,0
505,-0.7589851269208389,0.3213571221279154,0
506,-0.9917754400882894,-2.8574513463556137,1
507,1.4374192266264274,1.4337768118721541,0
508,-2.735178919394952,-1.435225759952404,1
509,0.7326630507629399,-0.2325253347829059,0
510,1.4531618995382298,1.6127161118508888,1
511,-2.4838140821600434,1.085833573525873,1
512,-2.2629833959857364,0.13229487234291995,1
513,1.0378677683831683,-2.546525337357081,1
514,1.2439872654254558,-1.292410778130724,0
515,-0.7231274410249573,0.22825364003466098,0
516,-3.366971251369284,-2.033468657061015,1
517,1.611150553105347,0.70282982148446,0
518,-2.0247004412763125,-3.289966595646616,1
519,1.3465295622708475,-0.2057177045570579,0
520,0.5525919239717422,-0.4319221602294023,0
521,-0.46978191505991773,3.2266601215727735,1
522,-0.5655137193171521,-2.3255826852943677,1
523,-1.4009644398493726,0.9655134544935099,0
524,1.560328274426652,-1.1842513906402432,0
525,-1.457640851467383,-5.461775318156741,1
526,0.023127513850333063,-1.203244602730167,0
527,2.826172603887506,1.491107369234944,1
528,0.5258328873647156,-1.387003838572309,0
529,0.9853707893844668,3.340780126527696,1
530,0.3215991464237138,1.1033602178604558,0
531,3.2429243774378222,1.3299000103846481,1
532,-2.0182167814099183,-0.7368473654685965,1
533,-0.2115769605219719,-1.1792695186112359,0
534,-1.36970569856171,2.11954904546548,1
535,0.5200546225459066,-0.7440815339071544,0
536,0.7590563586861274,-0.7293611998429814,0
537,-0.5737992820157864,0.6695054384847539,0
538,1.9963602625983055,-0.38838775019233635,0
539,-3.742317479703171,0.7043482458565816,1
540,-3.5285360281207274,-3.364663160550859,1
541,0.5193124828643936,-3.2157972747290233,1
542,1.3083773741911138,1.2141366496756798,0
543,0.9924005522002649,0.7931876033460944,0
544,-4.3993318074845265,-1.5414585526567695,1
545,1.248264655308346,-2.6767938284483668,1
546,-0.921856365712319,1.9366638527546165,1
547,0.7766180682846804,1.949117474637655,1
548,1.1406193201990256,1.7301484078206952,1
549,2.236066111895192,0.13828626315243595,1
550,-0.13172413734521277,-0.5661486556061325,0
551,-0.39623403863872836,2.794423871712478,1
552,1.016053078877451,2.03546919482145,1
553,1.3958827948063097,-0.3802755083189465,0
554,2.4698040402735346,2.525916093880808,1
555,-2.161138891746169,2.5327224404483726,1
556,1.1222386944105032,-2.3411254093894542,1
557,2.035584038711264,1.9397219735049909,1
558,-0.24802230578021298,1.789180388535467,0
559,0.758926375675293,1.9439296758835893,1
560,3.7245220490000834,1.631360069449933,1
561,-1.2055552901587905,3.355210318587513,1
562,-0.27754055785684617,1.2510258714324585,0
563,1.387905490339781,0.6855986257557987,0
564,3.325177780072271,-2.4104845019080496,1
565,1.150219516584761,-2.2712804548443017,1
566,-2.805308631957521,3.4730052665620565,1
567,-1.3431541926747166,3.2865851258763836,1
568,2.591850027991816,2.8937878976933282,1
569,1.9029843055053033,1.9974228521507096,1
570,2.813448698903679,-1.059593190298053,1
571,-0.41690549844176183,-1.4820663262104767,0
572,-0.260681138785474,1.585691246576495,0
573,-0.0628410351390794,-1.4417510341807704,0
574,1.5398613357363917,3.1606788529800456,1
575,-1.113489729245256,1.4463635160909234,0
576,1.8689816434403057,-1.1896272720933039,1
577,0.18022575767590746,0.9145287535986549,0
578,1.1779155153641079,-0.5539126176342616,0
579,0.7267602700497696,-0.15775299638297327,0
580,-1.0831241186459024,-1.0285663642073524,0
581,-2.0094735672518205,2.338453605601931,1
582,-1.2941161260729228,2.9314173584837704,1
583,-0.0678587303067991,-0.39621384699671836,0
584,0.4203158013980104,0.3495801243104896,0
585,2.513949222935628,-1.0704712211342018,1
586,-1.329019604353416,1.1683907377454548,0
587,-0.6221943850739848,0.8753471327938868,0
588,0.39853577220522735,1.3198420802359558,0
589,-0.8956338734301216,-1.7269011219994737,0
590,-2.9780785882942102,0.09893646739312625,1
591,-2.687549867032606,2.465015194889147,1
592,-2.3848313831021115,-0.7215014560547229,1
593,1.6129821504634236,1.6451171254228214,1
594,0.48960869567998383,-1.4308427239617265,0
595,3.1798193289435406,0.32439353393311277,1
596,0.251125416819519,3.4954895841185247,1
597,2.6628199375205592,2.7293369899592292,1
598,-1.853793699790504,-0.19707545035607954,0
599,2.0747038767342008,2.9524437111027786,1
600,-0.1905108493635794,0.014807207846328836,0
601,0.3620198884871186,-3.056044440937487,1
602,-0.3133631553200657,-1.0460212110768146,0
603,-1.0850545669777723,-2.2837479806759906,1
604,-0.5975353759498662,-0.399826163516782,0
605,0.835152894464302,-3.2550205511949497,1
606,-0.7848007969476066,-1.2833861559402784,0
607,-1.8584286454350625,0.857639872404192,1
608,-1.4918436982544299,1.1686346429438816,0
609,-0.23632922885365265,-0.2062079020798162,0
610,1.1847250528557363,-0.6121240462277153,0
611,-1.208642201044061,-1.001689525201969,0
612,-1.8410466212552175,-0.4410374066734351,0
613,-1.7011526805161783,-0.7747604627970873,0
614,-0.12193132025986149,-1.052158688321743,0
615,-0.3378492247863424,1.3949823308520133,0
616,0.7816468444253041,-2.9168774585175123,1
617,1.9713730641861955,0.5117165097598746,0
618,-1.4979293985252151,1.0543843396767583,0
619,0.13479014744712317,1.0710660321791983,0
620,-0.7744493917247013,2.1209095589826767,1
621,-2.6431704797237905,-1.319969602360801,1
622,2.267137306645289,1.2697189204941284,1
623,-0.1945077180702867,1.3927816334945988,0
624,-1.2914933783902567,0.08322626528590396,0
625,1.1337660819063533,-0.08866099201705195,0
626,3.5527366181650706,1.014396340360979,1
627,-0.4485714603788842,0.3278654356987679,0
628,-1.5245321800525378,-0.03290986869025946,0
629,1.607845816419249,0.14443370287668642,0
630,0.12968920581567212,-3.0950629091901884,1
631,-1.1626324029933965,-0.02193572878501903,0
632,-4.180309822252967,-3.078835276722043,1
633,-3.0967559670652736,0.6267379356165548,1
634,-2.1795259904342212,-1.0977600384360824,1
635,-1.4376211978435283,-1.765860178495671,1
636,1.2996872982249235,-0.14305915034491465,0
637,-2.6622120902393447,0.872791173886504,1
638,-0.5042557115336138,1.0525936868883496,0
639,-1.2131257960688933,-0.3522895195840902,0
640,-0.9181944280447512,-0.7053604124642338,0
641,-0.9765107330315128,0.15534141423104356,0
642,-3.5094924588462764,0.0018269151295405414,1
643,1.328991545399983,-2.5645690290549754,1
644,0.8891741513063548,1.4973608737309223,0
645,-1.0412341220402872,0.9631475721971953,0
646,1.4480026494275178,2.6731763942376903,1
647,2.0765866820921715,0.3207003224296251,1
648,0.5199102450876992,-0.610114631085112,0
649,-0.44141825308508653,-0.24406458247251162,0
650,-2.8361458899234275,6.856501010373296,1
651,-0.28755484937712306,2.0246398706431497,1
652,1.8936626366380773,-1.2924983588570875,1
653,-0.712979945027588,2.2144755983854925,1
654,1.6570348031098705,-0.14128341841113576,0
655,0.47822399790479964,-0.4278451125214681,0
656,-0.7962543806956772,2.9539841042237236,1
657,1.668299381746836,-3.4001457567587003,1
658,-0.6491807613231602,-1.2989854812544395,0
659,-1.8533236429091753,1.063395302372631,1
660,-1.7699583756592647,1.376163279037333,1
661,1.5132481429224973,1.6164421260180932,1
662,-0.9336318155296406,1.1156139042716653,0
663,-1.3066555629315506,2.170031300049146,1
664,0.029730178177938903,-0.743296229579042,0
665,0.12514396028133498,1.7490029689687432,0
666,-2.5358151744443647,-0.267586597001806,1
667,-3.073690414513313,-0.5407976371363967,1
668,0.3222905176341727,-0.3258279132614058,0
669,-0.3249783694992993,-0.2579737762199895,0
670,1.2009455310960533,-1.3130111286174035,0
671,-1.9063283347174333,1.9827196260709448,1
672,-2.2005026137230526,0.49016264287573086,1
673,-1.506898445569279,0.6394566509253956,0
674,-0.807403896217503,2.398875375242529,1
675,-0.5956535011113697,-1.7323438530242006,0
676,1.0713412009913506,-0.7675963004618981,0
677,-2.696701882637673,-1.0607808828841003,1
678,-0.6943413958247616,1.4272195968783206,0
679,-0.18246239437179954,1.0915309203362102,0
680,-0.4402524449570926,2.4246008310445926,1
681,-1.4125694482648394,-1.2642699782788207,0
682,2.946625395586886,0.2556549184500831,1
683,-1.673083498494449,0.5519916760890834,0
684,0.5880101277955506,0.5073715927970934,0
685,3.5328159949930007,2.7656900554716914,1
686,-3.2444099840197316,1.5945521586872042,1
687,0.5524754083308426,0.45876418514109535,0
688,-1.161621154572905,0.6539596610059114,0
689,-0.12008082509044861,-0.1877405674819896,0
690,0.36586743339797717,3.5466422142968175,1
691,-0.06377005170311086,0.1946279317578572,0
692,-0.033456304982229,0.46661007568765855,0
693,-1.3780657172046942,-1.2298470908997563,0
694,0.7246240955612877,1.2634324650178819,0
695,0.5338252189074015,1.9320842712354136,0
696,-0.4300783188954736,2.4292039012196263,1
697,-0.4899340430409332,-0.46129169506154205,0
698,-0.05185045964777696,-1.2279144073763852,0
699,1.4753429295372043,2.831214582551002,1
700,-0.5448405910658223,-2.3296256917940714,1
701,-0.4960332239857553,-1.5084216568814406,0
702,-0.5917434693123871,-0.9907778998977435,0
703,-2.3343973549114283,2.54739615650602,1
704,1.801399445079133,0.9929248830691297,1
705,-0.0670225880735528,-2.798599811811308,1
706,-1.0209221380955382,0.7625085288314513,0
707,-0.20089223416348992,-0.3039038483657909,0
708,1.5342952904642455,0.32885002314034983,0
709,-0.6836225807074581,-2.0296403097999596,1
710,2.9337634425381447,0.3409884601363739,1
711,1.0051612401909609,-1.6857489070115572,0
712,-0.43622080163500293,-2.297547465663541,1
713,-3.5210747452377333,-0.7765158856758179,1
714,-0.7360924862734854,2.514381625482784,1
715,-1.6548450972660547,1.0148266353543145,0
716,2.8265958045635426,-0.6959186741106774,1
717,1.4853159327249579,0.23882359681474472,0
718,-0.558442978585695,-0.6652016551537733,0
719,0.25871635657941994,1.0082049295661812,0
720,-0.7765183990506365,1.199772388790567,0
721,-0.29132893621198347,-0.30168920602128035,0
722,-3.030059073471471,2.2965654547101177,1
723,0.7987596517869675,-2.036861735756936,1
724,1.1234837475716595,0.18592403875425173,0
725,1.4779280990401338,-0.24198781553730483,0
726,0.5466957652667823,-3.50255524893473,1
727,-0.5562446182004223,0.05726836462009292,0
728,2.1128844033325707,-1.9637854105186077,1
729,-2.045730704221599,-0.7966223088111545,1
730,0.3135683033663057,1.9176841339367592,0
731,0.22235546947286525,3.0491285403681503,1
732,2.122032178131433,-1.8247953277636506,1
733,-0.4121275219740698,2.0010173160736513,0
734,3.024914306663934,-1.3424611166481843,1
735,1.3600529202780836,-1.1515847527020777,0
736,0.8753151569876065,0.8917720581970336,0
737,-1.040104024662802,-1.1234701050923699,0
738,-0.6566544280527911,3.1140876904962527,1
739,2.3786815879617293,-0.9135172963672326,1
740,-2.1009342783873275,1.3431710614086856,1
741,0.5510592384849037,-0.03331016736968172,0
742,-0.7737057161229199,0.35399203192202366,0
743,0.16647457785795672,0.263362379906484,0
744,-0.26541281773744624,-4.2132283337486,1
745,-2.2701202988352995,-0.8672405676545314,1
746,0.6437518280428711,3.2095065750472074,1
747,-3.096452541586457,-0.32183384454143327,1
748,0.3306753193956881,3.637748605238861,1
749,-1.0795526164495572,-0.9012917372794828,0
750,0.8577311736132792,-0.3025947489168333,0
751,-0.17616535262711214,-3.1164775103974565,1
752,0.6360641598025315,2.135444041806278,1
753,0.06269584460615636,3.5160587874840425,1
754,1.0544442280465258,-3.2586992118438354,1
755,0.939889220677039,-3.3916483460681763,1
756,0.7227882747168223,1.3592626398479053,0
757,-0.17559666395066295,-0.5754057755558222,0
758,1.809983411180636,1.0539783749282157,1
759,2.285832331600546,1.5830092469896069,1
760,0.3014711786763918,0.30821074737070225,0
761,0.878585516642013,-0.20190070097371007,0
762,-0.8827721537726533,0.7339971119946251,0
763,-3.0413524231962086,1.2380518995671392,1
764,-0.07944343064764892,-0.3788574642473545,0
765,-1.5821303953610184,-1.08063542352614,0
766,0.6161203701789295,1.4715275811463808,0
767,-2.378308963420206,0.5458720794997678,1
768,0.5742211412944206,-1.8043990582762295,0
769,1.669736178646854,0.7637581970809045,0
770,0.7439610976969863,-1.0513520657954047,0
771,1.3843257962923303,2.3062819827691077,1
772,1.9533226277579323,0.08711044527205407,0
773,-2.112659267815147,4.242430946640683,1
774,1.1995739579570293,-0.829084841490644,0
775,-0.97394157589698,3.3859481485180902,1
776,0.29422218090588537,-2.0161209464663705,0
777,1.1836077526012665,1.0540915672939841,0
778,-1.0277015287015312,0.8838786850511535,0
779,-0.16009747197541796,-0.41201204563516775,0
780,0.967875166957924,-2.6065481633736685,1
781,2.811918847066258,2.0030190823619805,1
782,-1.87184582759856,1.2565578353324711,1
783,-0.39361289235963887,-1.2600255833272465,0
784,-1.0853159304429945,1.337350510850984,0
785,-1.7268889420093434,-0.18497261104445684,0
786,-1.9352382916587967,0.4060198987109163,0
787,-2.854684593671301,-2.361264261569748,1
788,2.3900220969979955,-0.2716593702033156,1
789,0.6071634454351895,-2.272941542193035,1
790,0.37772303820394193,-0.5504727082934773,0
791,3.3321460621664043,-1.049590435610533,1
792,-0.3229257544914197,-0.6152963503344026,0
793,1.5480794815174586,1.64418055535989,1
794,-1.3298750983562484,-0.631398423383965,0
795,0.5323130228698618,0.1178349405879776,0
796,1.4861194284977017,-2.3535051659526363,1
797,0.6718990803361148,2.545227371018606,1
798,0.9469645986028927,-0.8268492935886536,0
799,-0.23120915757678026,3.44083170469594,1
800,-0.34467496496198075,3.232823252636431,1
801,1.6532349900649157,0.1658382722234212,0
802,-0.7324097414630141,0.1497607451463557,0
803,-0.2086507588497233,-2.135827765659911,1
804,-3.38114553923258,-2.428905328859479,1
805,-0.8729084856056273,0.03110051663443317,0
806,1.2826813991716444,-1.6518578975403573,1
807,1.8365411185225442,-2.963829326738348,1
808,0.8189015038450691,1.8259401474177226,0
809,-1.796637543463751,-1.6013523521410014,1
810,3.702826830651967,-1.3605847937385018,1
811,1.3822870411390176,-0.17655147092366097,0
812,1.1765840966925265,2.472583849889016,1
813,-0.3176584598764388,1.9069882901654414,0
814,-0.9656091830849028,1.6266879818289748,0
815,1.146065242845949,1.7084120902836286,1
816,-2.2654728220696385,2.5502652121306495,1
817,-0.004758628989347637,2.3125326148936383,1
818,-2.04566094581639,1.278346481755767,1
819,0.1652810993319484,1.595998335556104,0
820,-4.341282556591035,-3.661839328289023,1
821,0.39003954153468895,0.9278086769088912,0
822,-0.04263781830452932,-1.3426193084783413,0
823,0.7796922194199744,3.057650086483743,1
824,0.879854680467008,-0.5612404571575266,0
825,3.0488410941936435,-0.10505319735962415,1
826,2.3369308897292087,-2.2085619990442282,1
827,0.9020731896579097,0.10110306875742531,0
828,-2.1882399792412683,-2.2936669260396236,1
829,-1.9019357988042702,1.313997937657981,1
830,-0.9930899141380889,-0.20307893385782755,0
831,-3.4619607036449787,0.36897138143515734,1
832,-1.7732724326312568,0.9833973758297069,0
833,-0.6046480190841912,0.414037575432277,0
834,2.018420191913798,0.3405996419520473,1
835,2.8006388584989588,0.8707727506658238,1
836,-0.23620411565393845,-2.371663231637978,1
837,-0.39043903569055216,-0.5145705078493892,0
838,-0.212852114351896,-1.6208002043066914,0
839,0.5197040253752591,-0.9759637098019935,0
840,0.1871148643681736,0.05095281069506815,0
841,1.0703823430925996,-0.3190027535836381,0
842,-3.4430217451613174,1.4917954686335606,1
843,-0.6665490073693817,2.525517552206452,1
844,-2.0478350658243327,-1.1531206508894258,1
845,1.5616009356993574,0.87034572549377,0
846,-0.4639957646543165,0.9186026144624438,0
847,-0.5181486643814056,0.49448567255808445,0
848,-0.061259042848206616,3.6556751875480624,1
849,-1.7917424419874792,-0.5877883646916805,0
850,-3.7257160340865205,0.23608026642403007,1
851,2.8702240675645325,2.455483419084953,1
852,0.1395346549593947,1.5890176472766513,0
853,1.351046629688911,-1.0902248386187992,0
854,-1.925725421997429,-2.055167831844027,1
855,1.3415331469683445,-2.142832119343903,1
856,0.550545996191193,-0.7390094138820217,0
857,-0.20938642785430386,-0.451304181408067,0
858,-2.674971960356798,-2.678722298232275,1
859,1.1650115779205823,4.206938316547723,1
860,-1.4396345642170487,-0.9768532007472229,0
861,2.4657725220206195,1.5657724993744067,1
862,-0.2969448472210289,0.3237844610939248,0
863,0.9144371839881109,-2.703938967327216,1
864,-0.3110976200001836,0.869013380818877,0
865,5.249598509109851,1.4282224656980798,1
866,0.5564488866260744,-1.2561090977982647,0
867,0.8927228916108079,-1.931013306585585,1
868,1.4104836744805627,1.3518135721212172,0
869,-0.37063770986351763,1.9848043991436188,0
870,2.661358987807861,-0.0006495342227560781,1
871,-0.020324255487103038,-1.2306232673351314,0
872,0.8921336684614831,-4.819491071786481,1
873,-1.900327095708015,1.4525579911922322,1
874,-0.40952081332680734,1.2606099604339227,0
875,2.5324452331116123,-3.5682683795909313,1
876,-2.4259007424289214,2.684001265620449,1
877,0.4774641839814097,-3.0540382417525245,1
878,2.5840420287485073,0.05198148814202545,1
879,-1.190218030181438,-1.463939113919628,0
880,-2.2160311072675802,-2.3213103854348778,1
881,0.14044023208257103,5.945547469153651,1
882,2.974084926757625,-1.3930486147553105,1
883,-0.30766798850354254,-2.6161871842679822,1
884,-0.2718195095034773,1.8997967202746573,0
885,0.7709301165985665,0.16993539530119645,0
886,0.6293370557950264,-1.6969251487838117,0
887,0.07563691490034864,-0.3919877665100286,0
888,2.274001557793539,0.04045555846443392,1
889,-1.1973129548071983,1.978978760344106,1
890,-1.6175876334782915,-0.9232182862437244,0
891,0.7116528040694882,0.3314520237559085,0
892,-2.711938028284961,1.7559920226498138,1
893,0.5769713261571032,-3.5204621826443057,1
894,0.612921558657167,-0.3238155873646017,0
895,0.48351142890517573,2.8415222718402218,1
896,-1.3935069026341744,-1.1199132483110028,0
897,2.665984744088728,-1.989614088600457,1
898,-2.440822065347212,1.9584737634507863,1
899,0.9747308118673315,0.4169688750221474,0
900,-0.32316429638692346,-0.09842288800801405,0
901,-0.6186669421742333,-0.9030503893933344,0
902,0.8612953438888125,0.41107229355364977,0
903,0.4309327884041473,-0.5137975475221152,0
904,-1.785394556420007,-0.4710118176029367,0
905,-0.33226892338835673,-1.5374184640646666,0
906,-0.6573436192669901,-1.7576915522756384,0
907,0.24267743306227665,-2.458037785513493,1
908,1.4126612616906928,-0.4884485510100942,0
909,-2.467931475383764,-1.564808703783193,1
910,-0.34456977141991546,0.5230101404992481,0
911,-0.3618154256132659,1.0160611720257573,0
912,2.71889629862911,-0.637104061425622,1
913,0.7506021478309137,-0.39829551472913693,0
914,-0.23346854845139417,1.817299387814022,0
915,0.5036594975124169,-0.758732663453125,0
916,0.3434651903862539,0.20612902107848752,0
917,-1.8871299854605734,0.933814792928563,1
918,-1.991378283680206,0.7371999327348456,1
919,0.6988680240110472,1.0281081605283033,0
920,2.699727249993614,4.104493087690215,1
921,-4.837765130112333,3.3558983463116996,1
922,0.6141887707276047,-0.3678413206400847,0
923,-0.530360907353802,1.4340941483744332,0
924,0.06052407217682118,2.518259121364141,1
925,-1.563750448702492,1.0072036236471626,0
926,-2.0771931638976975,1.4953579544629312,1
927,-0.01593754213766119,1.1546035759916964,0
928,-0.9453085884044384,-0.34439728099198325,0
929,-1.9788995675463863,-0.6050793444735346,1
930,-0.39276017397180174,-2.7098070916415335,1
931,1.789989298376527,-0.2533527434163395,0
932,0.08715174969565859,1.126392848426564,0
933,-2.665268083973543,-0.7757772163937646,1
934,3.169490577384904,-2.4684428990788247,1
935,1.0219783303972736,-1.1767272299895586,0
936,0.20812141068243611,1.0690271446027577,0
937,0.2405452667946318,-2.0855647150901833,1
938,1.5652706536127732,-0.9771605915023621,0
939,-4.834922900165838,3.4737345471458876,1
940,-0.27192101722525513,-2.3126389546666264,1
941,1.2393460664027272,2.824812494449045,1
942,-0.5699340017680093,2.333255107962983,1
943,1.9423524471716214,0.7082365069488309,1
944,1.0503224414444132,3.972835442818207,1
945,0.6451141904449553,-0.25719188330476633,0
946,1.7477956043711884,0.19394238380401913,0
947,-0.7362445268315541,2.872431915786011,1
948,-1.9265848646224115,1.2663809277941547,1
949,-1.6490199303839974,-0.8974544224704852,0
950,-0.7659635807113937,0.5603658140759822,0
951,1.4134291224449715,-1.0607199923685908,0
952,2.093107759780148,1.9324522085189215,1
953,1.0757467935552638,1.6560513697633115,0
954,-0.5488889733664656,1.1102200875097885,0
955,0.19284180215113442,-0.03381406290443988,0
956,-2.4228148722089675,0.14162601659541357,1
957,1.7246098158195784,-1.0885290720257332,0
958,0.16453808916119267,0.1398648150564871,0
959,-1.4335906666065088,1.669531736418698,1
960,1.498929983248077,-3.986381958582515,1
961,-4.355977226676883,1.4109719150693452,1
962,-0.37439170107762954,1.4439740610715999,0
963,-3.6137344638030626,0.6266588237308265,1
964,0.3621660675225995,2.693366708767147,1
965,0.49989881546588766,0.10099134936911829,0
966,-0.7237731409884559,-1.5534410119440776,0
967,-1.6749145581338645,2.1091464243786544,1
968,-0.6500126008720281,-1.1063135180498838,0
969,-0.22812072601811417,3.762590774062567,1
970,1.1240552583979142,-1.014711135747647,0
971,2.17673315134208,1.2801480759332153,1
972,-2.4708664681543464,3.062196456221544,1
973,-0.8233699722790809,0.8272451011202183,0
974,3.6971517514120857,-0.04670369223327353,1
975,1.0444888351279817,0.544612084781411,0
976,2.855374246745445,2.526669317767565,1
977,-0.4524149955331919,1.495216067274203,0
978,-0.9731983793088272,0.5559382239819226,0
979,-1.2099598793473751,-4.034017556960819,1
980,1.1025948083615607,2.440898471117108,1
981,-0.6576405619125835,-0.6426454402032071,0
982,-0.018231870638580366,-0.6724529764819286,0
983,-1.0573533537955553,-1.829343801793427,1
984,-1.2152909067641104,-0.7055849921853715,0
985,2.4379307941033175,0.22361049539637978,1
986,0.7963652651544403,-0.35737562283375707,0
987,0.24638660466198992,0.8894175813052075,0
988,-1.3119436740998218,-0.6281211564626752,0
989,1.3117307892833507,-0.12625307218473844,0
990,0.49319819534982295,0.45460695087519465,0
991,3.7944032347029473,-3.284593467935578,1
992,0.8461382502223228,-0.130894046567483,0
993,0.5357541491040142,5.052926998662129,1
994,3.8629481387998874,-0.9504816372955557,1
995,0.5918220136148619,-0.21680541478351106,0
996,-4.533279421626646,-3.1431995175379943,1
997,-0.7352430807155411,-1.2670488276676775,0
998,0.08233238070854397,0.40405233963686454,0
999,0.1963249369094215,-0.5624701006839036,0
